232.384,232.38739,-0.423525,,,2.368,-0.016,,,232.384,232.5045,-0.015778
232.597,232.408264,-0.792923,,,2.437,0.057,,,232.597,232.4947,0.057312
232.427,232.440002,-0.792951,,,2.331,-0.046,,,232.427,232.4829,-0.045517
232.501,232.473953,0.066482,,,2.331,-0.042,,,232.501,232.4711,-0.041595
232.448,232.502365,1.943849,,,2.517,0.148,,,232.448,232.4602,0.147949
232.453,232.522141,3.927303,,,2.437,0.071,,,232.453,232.4485,0.071274
232.347,232.537567,3.928206,,,2.357,-0.006,,,232.347,232.4379,-0.005661
232.315,232.556412,-0.115563,,,2.533,0.173,,,232.315,232.4278,0.173004
232.331,232.584213,-8.053978,,,2.587,0.229,,,232.331,232.4193,0.229263
232.357,232.617554,-15.811302,,,2.613,0.257,,,232.357,232.4121,0.256805
232.4,232.64534,-15.814942,,,2.539,0.184,,,232.4,232.4058,0.184189
232.405,232.653992,-0.095731,,,2.432,0.078,,,232.405,232.4005,0.07756
232.464,232.636551,35.288044,,,2.608,0.254,,,232.464,232.3948,0.253754
232.469,232.597549,87.116943,,,2.613,0.258,,,232.469,232.3903,0.258255
232.427,232.549789,145.359512,,,2.843,0.487,,,232.427,232.3864,0.487106
232.267,232.507538,197.192108,,,2.672,0.314,,,232.267,232.3838,0.313965
232.443,232.476959,232.576599,,,2.555,0.195,,,232.443,232.3797,0.194885
232.373,232.454468,248.285797,,,2.853,0.491,,,232.373,232.3765,0.490646
232.357,232.431625,248.257248,,,2.875,0.51,,,232.357,232.3726,0.510056
232.448,232.403183,240.463089,,,2.491,0.123,,,232.448,232.369,0.122925
232.325,232.372879,232.487198,,,2.352,-0.019,,,232.325,232.3657,-0.019363
232.427,232.350388,228.418076,,,2.421,0.047,,,232.427,232.3627,0.047272
232.357,232.345795,228.4151,,,2.8,0.423,,,232.357,232.36,0.422791
232.341,232.361099,230.416061,,,2.843,0.462,,,232.341,232.3577,0.462143
232.24,232.389282,232.323029,,,2.736,0.351,,,232.24,232.3562,0.350677
232.336,232.416306,233.210129,,,2.635,0.246,,,232.336,232.3548,0.245651
232.315,232.430984,233.224304,,,2.693,0.299,,,232.315,232.3544,0.299454
232.325,232.428146,232.85199,,,2.597,0.198,,,232.325,232.3542,0.197739
232.336,232.41217,232.41217,,,1.915,-0.491,,,232.336,232.3548,-0.490738
232.331,232.392853,232.392853,,,1.099,-1.315,,,232.331,232.3559,-1.315216
232.437,232.380112,232.380112,,,0.752,-1.67,,,232.437,232.358,-1.670471
232.368,232.377686,232.377686,,,0.315,-2.117,,,232.368,232.3601,-2.116669
232.379,232.383087,232.383087,,,0.725,-1.719,,,232.379,232.3624,-1.718506
232.325,232.388931,232.388931,,,2.427,-0.03,,,232.325,232.3649,-0.029922
232.357,232.387604,232.387604,,,2.427,-0.043,,,232.357,232.3681,-0.04277
232.432,232.375031,232.375031,,,2.437,-0.046,,,232.432,232.3714,-0.045776
232.352,232.353485,232.353485,,,2.443,-0.054,,,232.352,232.3737,-0.054245
232.341,232.329315,232.329315,,,2.96,0.446,,,232.341,232.3772,0.446259
232.357,232.310364,232.310364,,,2.795,0.265,,,232.357,232.3809,0.264862
232.405,232.302597,232.302597,,,2.848,0.302,,,232.405,232.3853,0.30249
232.341,232.308044,232.308044,,,2.763,0.203,,,232.341,232.3893,0.202682
232.421,232.323639,232.323639,,,2.475,-0.099,,,232.421,232.3935,-0.099472
232.389,232.343704,232.343704,,,2.608,0.021,,,232.389,232.3993,0.020523
232.421,232.36171,232.36171,,,2.629,0.033,,,232.421,232.4057,0.033051
232.427,232.373245,232.373245,,,2.459,-0.14,,,232.427,232.4142,-0.139618
232.368,232.377853,232.377853,,,2.523,-0.073,,,232.368,232.4225,-0.07341
232.437,232.37674,232.37674,,,2.544,-0.042,,,232.437,232.4317,-0.042038
232.331,232.37291,232.37291,,,2.576,0.006,,,232.331,232.4435,0.005966
232.331,232.368805,232.368805,,,2.613,0.061,,,232.331,232.4569,0.060867
232.517,232.364853,232.364853,,,2.629,0.106,,,232.517,232.4698,0.106323
232.437,232.362579,232.362579,,,2.629,0.145,,,232.437,232.4828,0.144714
232.357,232.362411,232.362411,,,2.475,0.036,,,232.357,232.4972,0.036301
232.533,232.365326,232.365326,,,2.453,0.064,,,232.533,232.5137,0.063751
232.587,232.372391,232.372391,,,2.459,0.123,,,232.587,232.5301,0.123154
232.613,232.383423,232.383423,,,2.88,0.597,,,232.613,232.5455,0.597321
232.539,232.395935,232.395935,,,2.608,0.376,,,232.539,232.5603,0.375732
232.432,232.406006,232.406006,,,2.629,0.442,,,232.432,232.5745,0.442169
232.608,232.409622,232.409622,,,2.427,0.278,,,232.608,232.5875,0.277771
232.613,232.40567,232.40567,,,2.309,0.187,,,232.613,232.5959,0.187485
232.843,232.395691,232.395691,,,2.517,0.414,,,232.843,232.5986,0.414139
232.672,232.384949,232.384949,,,2.389,0.292,,,232.672,232.5964,0.292175
232.555,232.380157,232.380157,,,2.4,0.297,,,232.555,232.586,0.296906
232.853,232.386536,232.386536,,,2.619,0.5,,,232.853,232.57,0.499847
232.875,232.407013,232.407013,,,2.389,0.244,,,232.875,232.5521,0.243958
232.491,232.439453,232.439453,,,2.224,0.043,,,232.491,232.5227,0.042633
232.352,232.475861,232.475861,,,2.512,0.287,,,232.352,232.4843,0.286697
232.421,232.507462,232.507462,,,2.512,0.239,,,232.421,232.4387,0.238647
232.8,232.52803,232.52803,,,2.459,0.137,,,232.8,232.3893,0.136642
232.843,232.538467,232.538467,,,2.347,-0.024,,,232.843,232.3358,-0.024185
232.736,232.545975,232.545975,,,2.363,-0.057,,,232.736,232.2827,-0.056763
232.635,232.561905,232.561905,,,2.251,-0.211,,,232.635,232.2323,-0.211426
232.693,232.59462,232.59462,,,2.192,-0.306,,,232.693,232.1868,-0.306
232.597,232.644104,232.644104,,,2.272,-0.252,,,232.597,232.1492,-0.252426
231.915,232.698502,232.698502,,,2.144,-0.4,,,231.915,232.1215,-0.400177
231.099,232.737137,232.737137,,,2.24,-0.32,,,231.099,232.1029,-0.319977
230.752,232.740433,232.740433,,,2.149,-0.42,,,230.752,232.0968,-0.420456
230.315,232.702271,232.702271,,,1.696,-0.88,,,230.315,232.1031,-0.880295
230.725,232.634109,232.634109,,,0.715,-1.865,,,230.725,232.1192,-1.864975
232.427,232.563126,232.563126,,,0.192,-2.382,,,232.427,232.1451,-2.381561
232.427,232.52739,232.52739,,,0.224,-2.342,,,232.427,232.1814,-2.342072
232.437,232.554428,232.554428,,,0.229,-2.331,,,232.437,232.2253,-2.330826
232.443,232.648605,232.648605,,,1.44,-1.114,,,232.443,232.2733,-1.113647
232.96,232.776443,232.776443,,,1.909,-0.636,,,232.96,232.3224,-0.635803
232.795,232.869705,232.869705,,,2.24,-0.296,,,232.795,232.3712,-0.296066
232.848,232.840286,232.840286,,,2.155,-0.372,,,232.848,232.4198,-0.371765
232.763,232.621384,232.621384,,,2.155,-0.362,,,232.763,232.4624,-0.361679
232.475,232.209656,232.209656,,,2.133,-0.374,,,232.475,232.498,-0.373962
232.608,231.683914,231.683914,,,2.053,-0.443,,,232.608,232.5244,-0.443222
232.629,231.190491,231.190491,,,1.973,-0.511,,,232.629,232.5442,-0.510834
232.459,230.884964,230.884964,,,1.941,-0.531,,,232.459,232.56,-0.530914
232.523,230.866959,230.866959,,,1.963,-0.495,,,232.523,232.5695,-0.495438
232.544,231.137573,231.137573,,,2.128,-0.314,,,232.544,232.5763,-0.313889
232.576,231.599823,231.599823,,,1.984,-0.435,,,232.576,232.58,-0.435303
232.613,232.106049,232.106049,,,1.92,-0.472,,,232.613,232.5736,-0.471695
232.629,232.523453,232.523453,,,1.989,-0.371,,,232.629,232.5661,-0.370682
232.629,232.780655,232.780655,,,2.043,-0.278,,,232.629,232.5598,-0.277832
232.475,232.878204,232.878204,,,1.941,-0.339,,,232.475,232.5536,-0.338974
232.453,232.862381,232.862381,,,1.915,-0.317,,,232.453,232.5448,-0.317108
232.459,232.790543,232.790543,,,1.915,-0.262,,,232.459,232.5361,-0.262482
232.88,232.70433,232.70433,,,1.931,-0.183,,,232.88,232.5268,-0.182556
232.608,232.626953,232.626953,,,1.845,-0.201,,,232.608,232.5167,-0.201279
232.629,232.567276,232.567276,,,2.005,0.029,,,232.629,232.507,0.028549
232.427,232.530899,232.530899,,,1.936,0.028,,,232.427,232.4962,0.028427
232.309,232.521088,232.521088,,,1.824,-0.018,,,232.309,232.4838,-0.017899
232.517,232.534531,232.534531,,,2.011,0.23,,,232.517,232.4719,0.230331
232.389,232.558914,232.558914,,,1.936,0.208,,,232.389,232.4584,0.208237
232.4,232.578583,232.578583,,,2.133,0.448,,,232.4,232.4419,0.447876
232.619,232.584274,232.584274,,,2.032,0.381,,,232.619,232.4193,0.380524
232.389,232.574768,232.574768,,,1.915,0.285,,,232.389,232.3917,0.284775
232.224,232.561707,232.561707,,,1.941,0.319,,,232.224,232.3597,0.318848
232.512,232.558243,232.558243,,,2.032,0.407,,,232.512,232.3208,0.407394
232.512,232.571686,232.571686,,,1.947,0.31,,,232.512,232.28,0.30957
232.459,232.593842,232.593842,,,1.867,0.207,,,232.459,232.2321,0.207184
232.347,232.608566,232.608566,,,2.219,0.529,,,232.347,232.1775,0.528748
232.363,232.600021,232.600021,,,2.165,0.439,,,232.363,232.1136,0.43895
232.251,232.564087,232.564087,,,1.925,0.16,,,232.251,232.0463,0.159943
232.192,232.511658,232.511658,,,1.669,-0.137,,,232.192,231.9765,-0.136765
232.272,232.460419,232.460419,,,2.133,0.289,,,232.272,231.9076,0.289001
232.144,232.425659,232.425659,,,2.139,0.261,,,232.144,231.8419,0.26062
232.24,232.412155,232.412155,,,2.149,0.242,,,232.24,231.7807,0.241791
232.149,232.41507,232.41507,,,2.213,0.285,,,232.149,231.7278,0.284637
231.696,232.42598,232.42598,,,2.229,0.285,,,231.696,231.6851,0.284897
230.715,232.438873,232.438873,,,2.149,0.193,,,230.715,231.6515,0.192886
230.192,232.449112,232.449112,,,2.059,0.095,,,230.192,231.6302,0.095047
230.224,232.451263,232.451263,,,2.395,0.427,,,230.224,231.6221,0.426956
230.229,232.438202,232.438202,,,2.299,0.328,,,230.229,231.6246,0.32756
231.44,232.402924,232.402924,,,1.861,-0.108,,,231.44,231.6374,-0.108047
231.909,232.352097,232.352097,,,1.973,0.008,,,231.909,231.6598,0.007797
232.24,232.306961,232.306961,,,1.931,-0.032,,,232.24,231.6902,-0.031708
232.155,232.292313,232.292313,,,2.315,0.353,,,232.155,231.726,0.353455
232.155,232.316757,232.316757,,,2,0.04,,,232.155,231.7651,0.039581
232.133,232.349487,232.349487,,,2.389,0.43,,,232.133,231.8058,0.429794
232.053,232.321365,232.321365,,,1.904,-0.057,,,232.053,231.844,-0.057388
231.973,232.154282,232.154282,,,2.405,0.441,,,231.973,231.8784,0.440598
231.941,231.809296,231.809296,,,2.352,0.384,,,231.941,231.9072,0.38385
231.963,231.328857,231.328857,,,2.171,0.198,,,231.963,231.9284,0.198151
232.128,230.837067,230.837067,,,2.128,0.151,,,232.128,231.9441,0.150543
231.984,230.493912,230.493912,,,2.368,0.385,,,231.984,231.9561,0.384796
231.92,230.423233,230.423233,,,2.117,0.127,,,231.92,231.964,0.127441
231.989,230.652786,230.652786,,,2.347,0.349,,,231.989,231.968,0.348923
232.043,231.09816,231.09816,,,2.181,0.174,,,232.043,231.9714,0.174423
231.941,231.604752,231.604752,,,2.165,0.151,,,231.941,231.969,0.15065
231.915,232.017578,232.017578,,,2.059,0.035,,,231.915,231.9652,0.035431
231.915,232.245972,232.245972,,,2.128,0.095,,,231.915,231.9627,0.095078
231.931,232.286957,232.286957,,,2.272,0.228,,,231.931,231.9615,0.227966
231.845,232.205505,232.205505,,,2.325,0.271,,,231.845,231.9604,0.271088
232.005,232.087097,232.087097,,,2.016,-0.049,,,232.005,231.9592,-0.048599
231.936,231.996063,231.996063,,,2.315,0.242,,,231.936,231.9614,0.242157
231.824,231.957199,231.957199,,,1.989,-0.095,,,231.824,231.9644,-0.094757
232.011,231.960556,231.960556,,,2.149,0.056,,,232.011,231.9682,0.055969
231.936,231.982376,231.982376,,,2.059,-0.043,,,231.936,231.9729,-0.042511
232.133,232.000336,232.000336,,,2.128,0.02,,,232.133,231.9775,0.019547
232.032,232.004959,232.004959,,,2.32,0.203,,,232.032,231.9832,0.203445
231.915,231.995987,231.995987,,,2.16,0.036,,,231.915,231.9896,0.036453
231.941,231.977493,231.977493,,,2.165,0.034,,,231.941,231.9981,0.033676
232.032,231.956848,231.956848,,,2.139,0.001,,,232.032,232.0066,0.00148
231.947,231.937302,231.937302,,,1.989,-0.155,,,231.947,232.0143,-0.155014
231.867,231.921265,231.921265,,,2.123,-0.027,,,231.867,232.0236,-0.027328
232.219,231.908951,231.908951,,,2,-0.155,,,232.219,232.0329,-0.155182
232.165,231.903137,231.903137,,,2.32,0.16,,,232.165,232.044,0.159531
231.925,231.906723,231.906723,,,1.984,-0.183,,,231.925,232.0539,-0.182724
231.669,231.921722,231.921722,,,2.053,-0.12,,,231.669,232.0646,-0.119629
232.133,231.945587,231.945587,,,2.059,-0.119,,,232.133,232.0728,-0.118881
232.139,231.973053,231.973053,,,2.107,-0.074,,,232.139,232.0838,-0.074432
232.149,231.994827,231.994827,,,1.771,-0.414,,,232.149,232.093,-0.414474
232.213,232.003555,232.003555,,,2.261,0.073,,,232.213,232.1015,0.072815
232.229,231.998154,231.998154,,,2.224,0.034,,,232.229,232.1085,0.033722
232.149,231.986755,231.986755,,,1.947,-0.246,,,232.149,232.1166,-0.245544
232.059,231.980453,231.980453,,,1.979,-0.214,,,232.059,232.1236,-0.214371
232.395,231.984955,231.984955,,,1.92,-0.272,,,232.395,232.1313,-0.271591
232.299,231.997864,231.997864,,,2.224,0.035,,,232.299,232.1375,0.035156
231.861,232.009766,232.009766,,,2.139,-0.047,,,231.861,232.144,-0.047424
231.973,232.010574,232.010574,,,1.952,-0.231,,,231.973,232.1503,-0.2314
231.931,232.000443,232.000443,,,2.128,-0.052,,,231.931,232.1552,-0.051559
232.315,231.988647,231.988647,,,1.957,-0.218,,,232.315,232.1605,-0.218124
232,231.991486,231.991486,,,1.845,-0.326,,,232,232.1667,-0.325577
232.389,232.01712,232.01712,,,1.851,-0.313,,,232.389,232.1726,-0.3134
231.904,232.066574,232.066574,,,1.669,-0.492,,,231.904,232.1779,-0.491745
232.405,232.127716,232.127716,,,1.712,-0.443,,,232.405,232.1814,-0.443085
232.352,232.184891,232.184891,,,1.904,-0.244,,,232.352,232.1855,-0.243927
232.171,232.223907,232.223907,,,1.915,-0.229,,,232.171,232.1882,-0.228806
232.128,232.23468,232.23468,,,1.915,-0.224,,,232.128,232.1903,-0.224472
232.368,232.215164,232.215164,,,1.925,-0.208,,,232.368,232.1926,-0.20755
232.117,232.172287,232.172287,,,1.931,-0.196,,,232.117,232.1934,-0.195938
232.347,232.117554,232.117554,,,1.925,-0.195,,,232.347,232.1916,-0.194763
232.181,232.067505,232.067505,,,1.867,-0.248,,,232.181,232.1888,-0.247574
232.165,232.038071,232.038071,,,1.963,-0.146,,,232.165,232.1864,-0.145752
232.059,232.040436,232.040436,,,2.075,-0.028,,,232.059,232.1834,-0.02771
232.128,232.073471,232.073471,,,1.904,-0.193,,,232.128,232.1796,-0.193405
232.272,232.125366,232.125366,,,2.352,0.261,,,232.272,232.1751,0.261124
232.325,232.17897,232.17897,,,1.915,-0.169,,,232.325,232.1706,-0.168808
232.016,232.221436,232.221436,,,1.915,-0.163,,,232.016,232.1644,-0.163361
232.315,232.244873,232.244873,,,1.861,-0.209,,,232.315,232.1608,-0.209335
231.989,232.253571,232.253571,,,2.128,0.064,,,231.989,232.1551,0.064316
232.149,232.253479,232.253479,,,1.856,-0.201,,,232.149,232.1479,-0.200516
232.059,232.249344,232.249344,,,1.733,-0.316,,,232.059,232.1438,-0.315933
232.128,232.240784,232.240784,,,1.723,-0.317,,,232.128,232.1395,-0.317245
232.32,232.225449,232.225449,,,1.915,-0.115,,,232.32,232.1326,-0.114792
232.16,232.205276,232.205276,,,1.835,-0.184,,,232.16,232.1269,-0.184219
232.165,232.184616,232.184616,,,1.872,-0.136,,,232.165,232.1198,-0.135773
232.139,232.170761,232.170761,,,1.947,-0.049,,,232.139,232.1146,-0.048538
231.989,232.169983,232.169983,,,1.915,-0.069,,,231.989,232.1087,-0.069183
232.123,232.179092,232.179092,,,1.904,-0.069,,,232.123,232.1027,-0.06871
232,232.190018,232.190018,,,1.92,-0.041,,,232,232.0974,-0.041428
232.32,232.189575,232.189575,,,1.856,-0.095,,,232.32,232.0909,-0.095459
231.984,232.174881,232.174881,,,1.739,-0.203,,,231.984,232.0838,-0.203278
232.053,232.148758,232.148758,,,1.925,-0.009,,,232.053,232.0784,-0.009399
232.059,232.126587,232.126587,,,2.064,0.136,,,232.059,232.0703,0.135849
232.107,232.120117,232.120117,,,1.957,0.032,,,232.107,232.0637,0.032166
231.771,232.133316,232.133316,,,1.861,-0.063,,,231.771,232.0565,-0.062988
232.261,232.155869,232.155869,,,1.915,-0.007,,,232.261,232.0489,-0.007202
232.224,232.173462,232.173462,,,1.755,-0.167,,,232.224,232.0403,-0.167084
231.947,232.17366,232.17366,,,1.915,-0.01,,,231.947,232.0298,-0.010132
231.979,232.155838,232.155838,,,1.92,-0.008,,,231.979,232.0192,-0.008194
231.92,232.129242,232.129242,,,1.904,-0.028,,,231.92,232.0078,-0.027908
232.224,232.105957,232.105957,,,1.787,-0.147,,,232.224,231.9955,-0.147278
232.139,232.093216,232.093216,,,1.92,-0.016,,,232.139,231.9842,-0.016098
231.952,232.089172,232.089172,,,1.92,-0.018,,,231.952,231.9727,-0.017654
232.128,232.085815,232.085815,,,1.904,-0.033,,,232.128,231.9614,-0.033066
231.957,232.078308,232.078308,,,2.059,0.124,,,231.957,231.9515,0.123505
231.845,232.066437,232.066437,,,1.845,-0.087,,,231.845,231.9423,-0.087372
231.851,232.056183,232.056183,,,1.829,-0.1,,,231.851,231.9344,-0.09964
231.669,232.051102,232.051102,,,2.048,0.123,,,231.669,231.9281,0.122681
231.712,232.051559,232.051559,,,1.936,0.015,,,231.712,231.9248,0.015244
231.904,232.052643,232.052643,,,1.931,0.016,,,231.904,231.924,0.016144
231.915,232.051453,232.051453,,,1.909,0,,,231.915,231.9222,-0.000458
231.915,232.049347,232.049347,,,1.829,-0.075,,,231.915,231.9221,-0.074783
231.925,232.051163,232.051163,,,1.899,0,,,231.925,231.9251,-0.000473
231.931,232.061371,232.061371,,,1.824,-0.072,,,231.931,231.9282,-0.071899
231.925,232.076874,232.076874,,,2.037,0.144,,,231.925,231.9319,0.143845
231.867,232.085251,232.085251,,,2.011,0.12,,,231.867,231.9343,0.119873
231.963,232.07106,232.07106,,,1.936,0.046,,,231.963,231.9361,0.045761
232.075,232.024399,232.024399,,,1.904,0.014,,,232.075,231.9377,0.014389
231.904,231.951233,231.951233,,,1.925,0.035,,,231.904,231.9371,0.034637
232.352,231.868103,231.868103,,,1.915,0.025,,,232.352,231.9355,0.024963
231.915,231.802307,231.802307,,,2.048,0.157,,,231.915,231.9324,0.157104
231.915,231.772552,231.772552,,,1.941,0.049,,,231.915,231.9286,0.049225
231.861,231.783417,231.783417,,,2.037,0.143,,,231.861,231.9253,0.143112
232.128,231.821945,231.821945,,,1.931,0.037,,,232.128,231.9208,0.036987
231.856,231.869278,231.869278,,,2.133,0.238,,,231.856,231.9149,0.237823
231.733,231.905212,231.905212,,,2.128,0.231,,,231.733,231.9095,0.231186
231.723,231.921478,231.921478,,,1.995,0.097,,,231.723,231.9038,0.096771
231.915,231.92421,231.92421,,,2.069,0.17,,,231.915,231.8995,0.169739
231.835,231.927429,231.927429,,,2.139,0.239,,,231.835,231.8959,0.238632
231.872,231.943619,231.943619,,,2.133,0.231,,,231.872,231.8932,0.23053
231.947,231.974411,231.974411,,,2.144,0.24,,,231.947,231.8911,0.239899
231.915,232.012054,232.012054,,,2.155,0.249,,,231.915,231.8902,0.24939
231.904,232.043198,232.043198,,,2.245,0.338,,,231.904,231.8896,0.337845
231.92,232.054916,232.054916,,,2.219,0.31,,,231.92,231.8904,0.310211
231.856,232.041794,232.041794,,,2.395,0.484,,,231.856,231.89,0.484329
231.739,232.006332,232.006332,,,2.421,0.507,,,231.739,231.8909,0.507034
231.925,231.955399,231.955399,,,2.235,0.319,,,231.925,231.8918,0.318985
232.064,231.899826,231.899826,,,2.256,0.338,,,232.064,231.8939,0.337967
231.957,231.851379,231.851379,,,2.16,0.24,,,231.957,231.894,0.23999
231.861,231.819443,231.819443,,,2.139,0.215,,,231.861,231.8952,0.2155
231.915,231.810135,231.810135,,,2.261,0.334,,,231.915,231.8968,0.334106
231.755,231.824371,231.824371,,,2.341,0.41,,,231.755,231.8982,0.410233
231.915,231.85434,231.85434,,,2.427,0.492,,,231.915,231.8993,0.492157
231.92,231.886627,231.886627,,,2.187,0.247,,,231.92,231.9004,0.247192
231.904,231.907486,231.907486,,,2.133,0.187,,,231.904,231.9025,0.187454
231.787,231.910202,231.910202,,,2.443,0.49,,,231.787,231.9041,0.490204
231.92,231.898285,231.898285,,,2.384,0.424,,,231.92,231.9056,0.423615
231.92,231.883362,231.883362,,,2.427,0.457,,,231.92,231.9072,0.457458
231.904,231.879059,231.879059,,,2.432,0.452,,,231.904,231.9088,0.452377
232.059,231.888214,231.888214,,,2.4,0.409,,,232.059,231.9107,0.409103
231.845,231.906906,231.906906,,,2.251,0.247,,,231.845,231.914,0.246719
231.829,231.923355,231.923355,,,2.491,0.473,,,231.829,231.916,0.472778
232.048,231.927917,231.927917,,,2.267,0.234,,,232.048,231.918,0.234467
231.936,231.917313,231.917313,,,2.325,0.277,,,231.936,231.92,0.277084
231.931,231.896637,231.896637,,,2.528,0.464,,,231.931,231.9235,0.46402
231.909,231.875473,231.875473,,,2.453,0.372,,,231.909,231.9269,0.371841
231.829,231.862671,231.862671,,,2.475,0.376,,,231.829,231.9308,0.37587
231.899,231.861359,231.861359,,,2.496,0.379,,,231.899,231.9348,0.378754
231.824,231.870438,231.870438,,,2.603,0.468,,,231.824,231.9398,0.46846
232.037,231.884613,231.884613,,,2.448,0.298,,,232.037,231.9455,0.297775
232.011,231.899353,231.899353,,,2.437,0.27,,,232.011,231.9528,0.270203
231.936,231.91217,231.91217,,,2.501,0.319,,,231.936,231.9604,0.318558
231.904,231.922958,231.922958,,,2.485,0.287,,,231.904,231.9695,0.287491
231.925,231.931976,231.931976,,,2.832,0.62,,,231.925,231.9796,0.620331
231.915,231.938721,231.938721,,,2.661,0.436,,,231.915,231.9909,0.43605
232.048,231.941422,231.941422,,,2.88,0.644,,,232.048,232.0043,0.643784
231.941,231.937683,231.937683,,,2.64,0.391,,,231.941,232.0182,0.391495
232.037,231.92598,231.92598,,,2.539,0.28,,,232.037,232.0325,0.28035
231.931,231.909851,231.909851,,,2.517,0.248,,,231.931,232.0479,0.247803
232.133,231.895401,231.895401,,,2.725,0.446,,,232.133,232.064,0.445786
232.128,231.889725,231.889725,,,2.8,0.512,,,232.128,232.0812,0.511566
231.995,231.897263,231.897263,,,2.688,0.39,,,231.995,232.0991,0.38974
232.069,231.914948,231.914948,,,2.688,0.38,,,232.069,232.1172,0.380188
232.139,231.935104,231.935104,,,2.832,0.514,,,232.139,232.1345,0.514252
232.133,231.949173,231.949173,,,2.832,0.505,,,232.133,232.1502,0.504639
232.144,231.953094,231.953094,,,2.741,0.404,,,232.144,232.1668,0.40361
232.155,231.948898,231.948898,,,2.843,0.495,,,232.155,232.1824,0.494736
232.245,231.943726,231.943726,,,2.672,0.313,,,232.245,232.1975,0.312943
232.219,231.946075,231.946075,,,2.507,0.135,,,232.219,232.2117,0.134888
232.395,231.95871,231.95871,,,2.613,0.229,,,232.395,232.2249,0.229111
232.421,231.980591,231.980591,,,2.619,0.222,,,232.421,232.2362,0.22197
232.235,232.007324,232.007324,,,2.608,0.198,,,232.235,232.2485,0.197647
232.256,232.032501,232.032501,,,2.613,0.189,,,232.256,232.2587,0.189224
232.16,232.053162,232.053162,,,2.613,0.175,,,232.16,232.2692,0.174805
232.139,232.068008,232.068008,,,2.587,0.133,,,232.139,232.2792,0.132736
232.261,232.077789,232.077789,,,2.624,0.153,,,232.261,232.2884,0.15329
232.341,232.085266,232.085266,,,2.619,0.132,,,232.341,232.2983,0.132309
232.427,232.094986,232.094986,,,2.565,0.062,,,232.427,232.3078,0.062393
232.187,232.114304,232.114304,,,2.528,0.007,,,232.187,232.3177,0.007416
232.133,232.147919,232.147919,,,2.624,0.085,,,232.133,232.3274,0.084839
232.443,232.19519,232.19519,,,2.704,0.148,,,232.443,232.3374,0.147873
232.384,232.248871,232.248871,,,2.624,0.05,,,232.384,232.3483,0.049988
232.427,232.294373,232.294373,,,2.517,-0.074,,,232.427,232.3591,-0.073746
232.432,232.317352,232.317352,,,2.512,-0.094,,,232.432,232.3721,-0.09433
232.4,232.312302,232.312302,,,2.72,0.098,,,232.4,232.3839,0.098221
232.251,232.285294,232.285294,,,2.72,0.083,,,232.251,232.397,0.08316
232.491,232.251541,232.251541,,,2.576,-0.073,,,232.491,232.4104,-0.073257
232.267,232.227722,232.227722,,,2.405,-0.256,,,232.267,232.4238,-0.256165
232.325,232.22258,232.22258,,,2.608,-0.063,,,232.325,232.4382,-0.063004
232.528,232.233704,232.233704,,,2.619,-0.059,,,232.528,232.4543,-0.058914
232.453,232.253235,232.253235,,,2.485,-0.198,,,232.453,232.4707,-0.198364
232.475,232.274078,232.274078,,,2.603,-0.084,,,232.475,232.4867,-0.083633
232.496,232.294769,232.294769,,,2.624,-0.064,,,232.496,232.5026,-0.063568
232.603,232.318054,232.318054,,,2.475,-0.211,,,232.603,232.5206,-0.210861
232.448,232.3461,232.3461,,,2.688,0.004,,,232.448,232.5392,0.004456
232.437,232.374863,232.374863,,,2.619,-0.061,,,232.437,232.5561,-0.061188
232.501,232.395477,232.395477,,,2.432,-0.243,,,232.501,232.574,-0.243042
232.485,232.399994,232.399994,,,2.523,-0.146,,,232.485,232.5907,-0.145996
232.832,232.387527,232.387527,,,2.453,-0.208,,,232.832,232.6063,-0.207794
232.661,232.367599,232.367599,,,2.453,-0.201,,,232.661,232.6218,-0.201111
232.88,232.35376,232.35376,,,2.453,-0.193,,,232.88,232.6368,-0.193115
232.64,232.359543,232.359543,,,2.443,-0.196,,,232.64,232.6493,-0.195648
232.539,232.387589,232.387589,,,2.229,-0.402,,,232.539,232.6612,-0.402267
232.517,232.429703,232.429703,,,2.613,-0.013,,,232.517,232.671,-0.012756
232.725,232.470215,232.470215,,,2.635,0.015,,,232.725,232.6779,0.014938
232.8,232.494675,232.494675,,,2.613,-0.001,,,232.8,232.6834,-0.001251
232.688,232.498016,232.498016,,,2.208,-0.402,,,232.688,232.6866,-0.402374
232.688,232.487366,232.487366,,,2.549,-0.058,,,232.688,232.6876,-0.05838
232.832,232.480331,232.480331,,,2.864,0.26,,,232.832,232.6859,0.260376
232.832,232.495728,232.495728,,,2.437,-0.164,,,232.832,232.6835,-0.164276
232.741,232.540054,232.540054,,,2.603,0.004,,,232.741,232.6802,0.003769
232.843,232.603821,232.603821,,,2.427,-0.169,,,232.843,232.675,-0.168854
232.672,232.665756,232.665756,,,2.437,-0.157,,,232.672,232.669,-0.15657
232.507,232.703812,232.703812,,,2.427,-0.165,,,232.507,232.6608,-0.164505
232.613,232.707031,232.707031,,,2.613,0.024,,,232.613,232.6541,0.024368
232.619,232.683197,232.683197,,,2.832,0.247,,,232.619,232.6461,0.246704
232.608,232.651199,232.651199,,,2.661,0.079,,,232.608,232.6386,0.079498
232.613,232.63327,232.63327,,,2.416,-0.16,,,232.613,232.6313,-0.160019
232.613,232.642639,232.642639,,,2.507,-0.065,,,232.613,232.6258,-0.064575
232.587,232.678162,232.678162,,,2.453,-0.114,,,232.587,232.6201,-0.113647
232.624,232.727798,232.727798,,,2.373,-0.188,,,232.624,232.6143,-0.187759
232.619,232.774536,232.774536,,,2.336,-0.217,,,232.619,232.6104,-0.216614
232.565,232.803452,232.803452,,,2.8,0.254,,,232.565,232.6074,0.253891
232.528,232.80545,232.80545,,,2.448,-0.093,,,232.528,232.6036,-0.093231
232.624,232.779938,232.779938,,,2.592,0.058,,,232.624,232.6013,0.057968
232.704,232.733887,232.733887,,,2.608,0.08,,,232.704,232.5992,0.080246
232.624,232.679672,232.679672,,,2.448,-0.074,,,232.624,232.5959,-0.073669
232.517,232.631882,232.631882,,,2.432,-0.085,,,232.517,232.5936,-0.084946
232.512,232.600449,232.600449,,,2.32,-0.193,,,232.512,232.5915,-0.193085
232.72,232.589401,232.589401,,,2.347,-0.163,,,232.72,232.5886,-0.162933
232.72,232.593582,232.593582,,,2.421,-0.088,,,232.72,232.5853,-0.087524
232.576,232.603439,232.603439,,,2.352,-0.156,,,232.576,232.5815,-0.155823
232.405,232.60997,232.60997,,,2.469,-0.039,,,232.405,232.576,-0.039047
232.608,232.609131,232.609131,,,2.48,-0.029,,,232.608,232.5716,-0.0289
232.619,232.603333,232.603333,,,2.507,-0.004,,,232.619,232.5667,-0.00351
232.485,232.597137,232.597137,,,2.427,-0.086,,,232.485,232.5608,-0.086166
232.603,232.593826,232.593826,,,2.581,0.066,,,232.603,232.5526,0.065536
232.624,232.594604,232.594604,,,2.603,0.083,,,232.624,232.5461,0.083023
232.475,232.598495,232.598495,,,2.549,0.026,,,232.475,232.5412,0.025757
232.688,232.603455,232.603455,,,2.4,-0.126,,,232.688,232.534,-0.12587
232.619,232.609512,232.609512,,,2.437,-0.091,,,232.619,232.5278,-0.091263
232.432,232.615189,232.615189,,,2.592,0.062,,,232.432,232.5217,0.06189
232.523,232.617783,232.617783,,,2.459,-0.072,,,232.523,232.517,-0.071808
232.453,232.615067,232.615067,,,2.597,0.067,,,232.453,232.5131,0.066528
232.453,232.60466,232.60466,,,2.341,-0.188,,,232.453,232.5099,-0.188416
232.453,232.587524,232.587524,,,2.693,0.165,,,232.453,232.5085,0.165283
232.443,232.568253,232.568253,,,2.507,-0.018,,,232.443,232.5078,-0.017593
232.229,232.554138,232.554138,,,2.443,-0.079,,,232.229,232.508,-0.07933
232.613,232.549805,232.549805,,,2.549,0.032,,,232.613,232.5089,0.031525
232.635,232.557251,232.557251,,,2.715,0.203,,,232.635,232.5105,0.203064
232.613,232.572296,232.572296,,,2.661,0.156,,,232.613,232.5132,0.155548
232.208,232.58783,232.58783,,,2.523,0.022,,,232.208,232.5155,0.021622
232.549,232.594757,232.594757,,,2.475,-0.021,,,232.549,232.52,-0.020782
232.864,232.588104,232.588104,,,2.619,0.13,,,232.864,232.5232,0.130341
232.437,232.567734,232.567734,,,2.608,0.125,,,232.437,232.5259,0.124725
232.603,232.534668,232.534668,,,2.715,0.237,,,232.603,232.5283,0.237198
232.427,232.495361,232.495361,,,2.496,0.021,,,232.427,232.5301,0.021347
232.437,232.458176,232.458176,,,2.763,0.291,,,232.437,232.5308,0.29129
232.427,232.432236,232.432236,,,2.859,0.388,,,232.427,232.5305,0.388229
232.613,232.422394,232.422394,,,2.672,0.203,,,232.613,232.5294,0.203094
232.832,232.428619,232.428619,,,2.507,0.038,,,232.832,232.5277,0.038269
232.661,232.447525,232.447525,,,2.853,0.384,,,232.661,232.5246,0.38385
232.416,232.47464,232.47464,,,2.421,-0.05,,,232.416,232.5223,-0.050156
232.507,232.504501,232.504501,,,2.683,0.209,,,232.507,232.5175,0.209167
232.453,232.533401,232.533401,,,2.72,0.242,,,232.453,232.5119,0.241867
232.373,232.556503,232.556503,,,2.709,0.226,,,232.373,232.5054,0.225739
232.336,232.566956,232.566956,,,2.507,0.018,,,232.336,232.5014,0.018173
232.8,232.558929,232.558929,,,2.613,0.12,,,232.8,232.4958,0.120346
232.448,232.536865,232.536865,,,2.608,0.109,,,232.448,232.4887,0.108734
232.592,232.511139,232.511139,,,2.688,0.183,,,232.592,232.4833,0.182816
232.608,232.498566,232.498566,,,2.608,0.097,,,232.608,232.4778,0.096542
232.448,232.511963,232.511963,,,2.485,-0.032,,,232.448,232.4747,-0.032257
232.432,232.548874,232.548874,,,2.437,-0.087,,,232.432,232.4717,-0.087189
232.32,232.591705,232.591705,,,2.421,-0.111,,,232.32,232.4708,-0.110992
232.347,232.61499,232.61499,,,2.288,-0.251,,,232.347,232.4689,-0.251022
232.421,232.601318,232.601318,,,2.704,0.159,,,232.421,232.4687,0.158585
232.352,232.552551,232.552551,,,2.613,0.059,,,232.352,232.4691,0.058624
232.469,232.491516,232.491516,,,2.576,0.015,,,232.469,232.4712,0.014801
232.48,232.447861,232.447861,,,2.4,-0.17,,,232.48,232.4738,-0.16983
232.507,232.442307,232.442307,,,2.613,0.034,,,232.507,232.4781,0.034286
232.427,232.474365,232.474365,,,2.384,-0.204,,,232.427,232.4833,-0.204102
232.581,232.524811,232.524811,,,2.597,0.001,,,232.581,232.4888,0.001144
232.603,232.565552,232.565552,,,2.427,-0.177,,,232.603,232.4927,-0.176773
232.549,232.573502,232.573502,,,2.501,-0.11,,,232.549,232.4993,-0.110214
232.4,232.544388,232.544388,,,2.448,-0.171,,,232.4,232.5052,-0.171021
232.437,232.488327,232.488327,,,2.453,-0.172,,,232.437,232.5115,-0.172485
232.592,232.426239,232.426239,,,2.347,-0.283,,,232.592,232.5173,-0.282684
232.459,232.378494,232.378494,,,2.315,-0.318,,,232.459,232.5242,-0.318268
232.597,232.35675,232.35675,,,2.331,-0.304,,,232.597,232.532,-0.303787
232.341,232.363434,232.363434,,,2.357,-0.278,,,232.341,232.539,-0.278381
232.693,232.390579,232.390579,,,2.4,-0.235,,,232.693,232.5454,-0.234604
232.507,232.42926,232.42926,,,2.405,-0.227,,,232.507,232.5544,-0.227402
232.443,232.469955,232.469955,,,2.464,-0.165,,,232.443,232.5612,-0.164871
232.549,232.504105,232.504105,,,2.469,-0.154,,,232.549,232.5698,-0.153778
232.715,232.526184,232.526184,,,2.427,-0.189,,,232.715,232.5787,-0.188843
232.661,232.534103,232.534103,,,2.267,-0.34,,,232.661,232.5881,-0.339981
232.523,232.530075,232.530075,,,2.443,-0.156,,,232.523,232.5959,-0.156082
232.475,232.517456,232.517456,,,2.373,-0.217,,,232.475,232.6038,-0.217102
232.619,232.503677,232.503677,,,2.357,-0.224,,,232.619,232.6112,-0.223694
232.608,232.494598,232.494598,,,2.448,-0.123,,,232.608,232.619,-0.123199
232.715,232.492035,232.492035,,,2.325,-0.237,,,232.715,232.6255,-0.236542
232.496,232.495636,232.495636,,,2.427,-0.126,,,232.496,232.6297,-0.125839
232.763,232.501831,232.501831,,,2.357,-0.186,,,232.763,232.6333,-0.186172
232.859,232.510178,232.510178,,,2.341,-0.192,,,232.859,232.6348,-0.192322
232.672,232.522232,232.522232,,,2.24,-0.284,,,232.672,232.6354,-0.284454
232.507,232.539078,232.539078,,,2.336,-0.181,,,232.507,232.6346,-0.180603
232.853,232.55899,232.55899,,,2.315,-0.192,,,232.853,232.6324,-0.19191
232.421,232.578217,232.578217,,,2.325,-0.175,,,232.421,232.6289,-0.17453
232.683,232.589203,232.589203,,,2.336,-0.155,,,232.683,232.6228,-0.154984
232.72,232.588638,232.588638,,,2.331,-0.151,,,232.72,232.6158,-0.151093
232.709,232.58017,232.58017,,,2.437,-0.036,,,232.709,232.607,-0.035599
232.507,232.573288,232.573288,,,2.368,-0.097,,,232.507,232.5991,-0.097
232.613,232.578308,232.578308,,,2.379,-0.078,,,232.613,232.5901,-0.077667
232.608,232.600906,232.600906,,,2.325,-0.123,,,232.608,232.5807,-0.123489
232.688,232.637299,232.637299,,,2.357,-0.083,,,232.688,232.5712,-0.08345
232.608,232.676025,232.676025,,,2.432,0,,,232.608,232.5615,-0.000351
232.485,232.702774,232.702774,,,2.352,-0.074,,,232.485,232.5528,-0.073624
232.437,232.709686,232.709686,,,2.341,-0.078,,,232.437,232.5432,-0.07811
232.421,232.697006,232.697006,,,2.357,-0.056,,,232.421,232.5333,-0.056305
232.288,232.674759,232.674759,,,2.405,-0.003,,,232.288,232.5245,-0.003433
232.704,232.651627,232.651627,,,2.341,-0.062,,,232.704,232.5166,-0.061844
232.613,232.635956,232.635956,,,2.421,0.023,,,232.613,232.5069,0.022919
232.576,232.629837,232.629837,,,2.389,-0.005,,,232.576,232.4995,-0.004791
232.4,232.632065,232.632065,,,2.421,0.03,,,232.4,232.491,0.030426
232.613,232.637909,232.637909,,,2.427,0.041,,,232.613,232.4821,0.040634
232.384,232.643387,232.643387,,,2.368,-0.016,,,232.384,232.4726,-0.015778
232.597,232.641495,232.641495,,,2.437,0.057,,,232.597,232.465,0.057312
232.427,232.626587,232.626587,,,2.331,-0.046,,,232.427,232.4567,-0.045517
232.501,232.594421,232.594421,,,2.331,-0.042,,,232.501,232.4485,-0.041595
232.448,232.548904,232.548904,,,2.517,0.148,,,232.448,232.4404,0.147949
232.453,232.500854,232.500854,,,2.437,0.071,,,232.453,232.4324,0.071274
232.347,232.467072,232.467072,,,2.357,-0.006,,,232.347,232.4256,-0.005661
232.315,232.45903,232.45903,,,2.533,0.173,,,232.315,232.4191,0.173004
232.331,232.476746,232.476746,,,2.587,0.229,,,232.331,232.4133,0.229263
232.357,232.508636,232.508636,,,2.613,0.257,,,232.357,232.4084,0.256805
232.4,232.53804,232.53804,,,2.539,0.184,,,232.4,232.4028,0.184189
232.405,232.550095,232.550095,,,2.432,0.078,,,232.405,232.3981,0.07756
232.464,232.543488,232.543488,,,2.608,0.254,,,232.464,232.3938,0.253754
232.469,232.525681,232.525681,,,2.613,0.258,,,232.469,232.3906,0.258255
232.427,232.507523,232.507523,,,2.843,0.487,,,232.427,232.3864,0.487106
232.267,232.494705,232.494705,,,2.672,0.314,,,232.267,232.3838,0.313965
232.443,232.484467,232.484467,,,2.555,0.195,,,232.443,232.3797,0.194885
232.373,232.469116,232.469116,,,2.384,0.022,,,232.373,232.3765,0.021652
232.357,232.442856,232.442856,,,2.597,0.232,,,232.357,232.3726,0.232056
232.448,232.406662,232.406662,,,2.427,0.059,,,232.448,232.369,0.058929
232.325,232.370438,232.370438,,,2.501,0.13,,,232.325,232.3657,0.129639
232.427,232.346359,232.346359,,,2.448,0.074,,,232.427,232.3627,0.074265
232.357,232.343216,232.343216,,,2.453,0.076,,,232.357,232.36,0.07579
232.341,232.360382,232.360382,,,2.347,-0.034,,,232.341,232.3577,-0.033859
232.24,232.389923,232.389923,,,2.315,-0.07,,,232.24,232.3562,-0.070313
232.336,232.417221,232.417221,,,2.331,-0.058,,,232.336,232.3548,-0.05835
232.315,232.431381,232.431381,,,2.357,-0.037,,,232.315,232.3544,-0.036545
232.325,232.42804,232.42804,,,2.4,0.001,,,232.325,232.3542,0.000732
232.336,232.41217,232.41217,,,2.405,-0.001,,,232.336,232.3548,-0.000732
232.331,232.392853,232.392853,,,2.464,0.05,,,232.331,232.3559,0.049789
232.437,232.380112,232.380112,,,2.469,0.047,,,232.437,232.358,0.046524
232.368,232.377686,232.377686,,,2.427,-0.005,,,232.368,232.3601,-0.004669
232.379,232.383087,232.383087,,,2.267,-0.174,,,232.379,232.3624,-0.174194
232.325,232.388931,232.388931,,,2.443,-0.01,,,232.325,232.3649,-0.009918
232.357,232.387604,232.387604,,,2.373,-0.091,,,232.357,232.3681,-0.091324
232.432,232.375031,232.375031,,,2.357,-0.119,,,232.432,232.3714,-0.118927
232.352,232.353485,232.353485,,,2.448,-0.04,,,232.352,232.3737,-0.039581
232.341,232.329315,232.329315,,,2.325,-0.174,,,232.341,232.3772,-0.173813
232.357,232.310364,232.310364,,,2.427,-0.082,,,232.357,232.3809,-0.081573
232.405,232.302597,232.302597,,,2.357,-0.16,,,232.405,232.3853,-0.159622
232.341,232.308044,232.308044,,,2.341,-0.182,,,232.341,232.3893,-0.182312
232.421,232.323639,232.323639,,,2.24,-0.288,,,232.421,232.3935,-0.287582
232.389,232.343704,232.343704,,,2.336,-0.194,,,232.389,232.3993,-0.193817
232.421,232.36171,232.36171,,,2.315,-0.214,,,232.421,232.4057,-0.214279
232.427,232.373245,232.373245,,,2.325,-0.201,,,232.427,232.4142,-0.201416
232.368,232.377853,232.377853,,,2.336,-0.185,,,232.368,232.4225,-0.185471
232.437,232.37674,232.37674,,,2.331,-0.183,,,232.437,232.4317,-0.182922
232.331,232.37291,232.37291,,,,,,,232.331,232.4412,-0.07692
232.331,232.368805,232.368805,,,,,,,232.331,232.4529,-0.136475
232.517,232.364853,232.364853,,,,,,,232.517,232.4643,-0.115723
232.437,232.362579,232.362579,,,,,,,232.437,232.4759,-0.157883
232.357,232.362411,232.362411,,,,,,,232.357,232.4876,-0.114075
232.533,232.365326,232.365326,,,,,,,232.533,232.4988,-0.028183
232.587,232.372391,232.372391,,,,,,,232.587,232.5086,-0.096497
232.613,232.383423,232.383423,,,,,,,232.613,232.5166,-0.096924
232.539,232.395935,232.395935,,,,,,,232.539,232.5233,-0.070847
232.432,232.406006,232.406006,,,,,,,232.432,232.5276,-0.014313
232.608,232.409622,232.409622,,,,,,,232.608,232.5298,-0.07106
232.613,232.40567,232.40567,,,,,,,232.613,232.5293,0.015213
232.843,232.395691,232.395691,,,,,,,232.843,232.5264,-0.011475
232.672,232.384949,232.384949,,,,,,,232.672,232.5215,0.026184
232.555,232.380157,232.380157,,,,,,,232.555,232.5139,0.036697